"parentTopicId","parrentTopicSlug","childTopicId","childTopicSlug"
0,"_ROOT_",0,"_ROOT_"
8623340011665545666,"television",1000,"talk-show"
0,"_ROOT_",10000000000000000000,"arts-and-humanities-super"
0,"_ROOT_",10000000000000000001,"food-and-drink-super"
0,"_ROOT_",10000000000000000002,"government-and-politics-super"
0,"_ROOT_",10000000000000000003,"health-and-wellness-super"
0,"_ROOT_",10000000000000000004,"news-and-media-super"
0,"_ROOT_",10000000000000000005,"science-and-nature-super"
0,"_ROOT_",10000000000000000006,"sports-and-recreation-super"
10000000000000000000,"arts-and-humanities-super",10000000000000000008,"art-galleries"
10000000000000016632,"entertainment-super",10000000000000000009,"music-videos"
10000000000000016629,"fashion-super",10000000000000000010,"fashion-modeling"
10000000000000000001,"food-and-drink-super",10000000000000000011,"organic-food"
10000000000000000002,"government-and-politics-super",10000000000000000013,"armed-forces"
1212,"us-federal-government",10000000000000000014,"veteran-affairs"
10000000000000016630,"education-super",10000000000000000016,"spelling-bees"
10000000000000016688,"lifestyle-super",10000000000000000017,"lgbt-issues"
10000000000000000005,"science-and-nature-super",10000000000000000019,"aerospace"
10000000000000016635,"technology-super",10000000000000000020,"tablets"
10000000000000016688,"lifestyle-super",10000000000000000022,"religion"
10000000000000016632,"entertainment-super",10000000000000000035,"musical-instrument"
10000000000000000001,"food-and-drink-super",10000000000000000038,"liquor"
10000000000000000005,"science-and-nature-super",10000000000000000040,"science"
10000000000000000004,"news-and-media-super",10000000000000000041,"news-and-media"
8655841127676549162,"social-media",10000000000000008242,"anil-dash"
10000000000000017343,"music-festivals",10000000000000008250,"coachella-fest"
9219221220892059281,"microblogging",10000000000000008253,"twitter"
8655841127676549162,"social-media",10000000000000008253,"twitter"
7008943767379250621,"sports",10000000000000008267,"bleacher-report"
7961050238904847932,"digital-media",10000000000000008267,"bleacher-report"
5646379875885211920,"technology",10000000000000008273,"wired-magazine"
10000000000000018433,"magazines",10000000000000008273,"wired-magazine"
5241585099662481339,"music",10000000000000008305,"stereogum"
5909188256639465585,"museums",10000000000000008306,"tate"
10000000000000016633,"art",10000000000000008306,"tate"
4960743447203102777,"biotechnology",10000000000000008308,"glaxosmithkline"
7699353693543147398,"medications",10000000000000008308,"glaxosmithkline"
10000000000000017185,"pharmaceutical-industry",10000000000000008308,"glaxosmithkline"
9219221220892055817,"event-planning",10000000000000008315,"eventbrite"
5640571414106592657,"higher-education",10000000000000008318,"princeton-university"
7424015264236886140,"college",10000000000000008318,"princeton-university"
7008943767379250621,"sports",10000000000000008324,"sky-sport"
6162991657969654542,"air-travel",10000000000000008326,"delta"
5349443664283681951,"transportation",10000000000000008326,"delta"
10000000000000000041,"news-and-media",10000000000000008327,"boing-boing"
7331299376965973530,"blogging",10000000000000008327,"boing-boing"
10000000000000018433,"magazines",10000000000000008328,"the-economist"
8926039343582138639,"indie-music",10000000000000008335,"the-decemberists"
10000000000000017591,"progressive-rock",10000000000000008335,"the-decemberists"
10000000000000017660,"indie-rock",10000000000000008335,"the-decemberists"
10000000000000017681,"folk-rock",10000000000000008335,"the-decemberists"
1297,"rock-music",10000000000000008335,"the-decemberists"
8582816108322848868,"indie-pop",10000000000000008335,"the-decemberists"
5471580028855949340,"law-enforcement",10000000000000008338,"interpol"
8119426466902417284,"politics",10000000000000008343,"uk-parliament"
5241585099662481339,"music",10000000000000008348,"paste-magazine"
6506298410212438936,"soccer",10000000000000008363,"us-soccer"
5241585099662481339,"music",10000000000000008378,"gustavo-cerati"
1297,"rock-music",10000000000000008378,"gustavo-cerati"
10000000000000017466,"new-wave",10000000000000008378,"gustavo-cerati"
10000000000000017660,"indie-rock",10000000000000008378,"gustavo-cerati"
8582816108322886634,"pop-music",10000000000000008378,"gustavo-cerati"
10000000000000017421,"singer-songwriters",10000000000000008378,"gustavo-cerati"
7181067487857452921,"cloud-computing",10000000000000008389,"linode"
6453920563341074764,"antivirus",10000000000000008390,"bitdefender"
5144818194631006088,"software",10000000000000008390,"bitdefender"
4717631801849228063,"smartphones",10000000000000008413,"boost-mobile"
7181067487857452921,"cloud-computing",10000000000000008417,"emc-corporation"
14711,"computers",10000000000000008417,"emc-corporation"
8582816108322821925,"computer-hardware",10000000000000008417,"emc-corporation"
10000000000000000041,"news-and-media",10000000000000008428,"the-next-web"
5646379875885211920,"technology",10000000000000008428,"the-next-web"
8623340011665545666,"television",10000000000000008434,"tv-guide"
10000000000000000041,"news-and-media",10000000000000008439,"dateline-nbc"
8623340011665545666,"television",10000000000000008439,"dateline-nbc"
10000000000000018435,"tv-news",10000000000000008439,"dateline-nbc"
1504,"world-news",10000000000000008439,"dateline-nbc"
5640571414106592657,"higher-education",10000000000000008443,"cardiff-university"
7424015264236886140,"college",10000000000000008443,"cardiff-university"
8582816108322848868,"indie-pop",10000000000000008444,"janelle-monae"
8582816108322901654,"soul-music",10000000000000008444,"janelle-monae"
10000000000000019018,"experimental-music",10000000000000008444,"janelle-monae"
9219221220892056179,"electronica",10000000000000008444,"janelle-monae"
10000000000000017421,"singer-songwriters",10000000000000008444,"janelle-monae"
8582816108322875197,"neo-soul-music",10000000000000008444,"janelle-monae"
10000000000000017660,"indie-rock",10000000000000008444,"janelle-monae"
1297,"rock-music",10000000000000008444,"janelle-monae"
5241585099662481339,"music",10000000000000008444,"janelle-monae"
10000000000000017419,"r-and-b",10000000000000008444,"janelle-monae"
9219221220892058107,"funk-music",10000000000000008444,"janelle-monae"
10000000000000017466,"new-wave",10000000000000008444,"janelle-monae"
8582816108322886634,"pop-music",10000000000000008444,"janelle-monae"
7142388197614860160,"country-music",10000000000000008448,"tom-petty"
5241585099662481339,"music",10000000000000008448,"tom-petty"
1297,"rock-music",10000000000000008448,"tom-petty"
7783102141237674703,"media",10000000000000008460,"media-matters"
7192018630863038134,"journalism",10000000000000008460,"media-matters"
8582816108322886634,"pop-music",10000000000000008462,"the-wombats"
8582816108322848868,"indie-pop",10000000000000008462,"the-wombats"
10000000000000017660,"indie-rock",10000000000000008462,"the-wombats"
5241585099662481339,"music",10000000000000008462,"the-wombats"
8582816108322886637,"pop-punk",10000000000000008462,"the-wombats"
10000000000000017466,"new-wave",10000000000000008462,"the-wombats"
8926039343582138639,"indie-music",10000000000000008462,"the-wombats"
5005199181163529246,"analytics",10000000000000008467,"webtrends"
10000000000000018436,"newspapers",10000000000000008473,"the-miami-herald"
10000000000000018435,"tv-news",10000000000000008488,"nbc-news"
1504,"world-news",10000000000000008488,"nbc-news"
10000000000000000019,"aerospace",10000000000000008497,"google-lunar-x-prize"
5241585099662481339,"music",10000000000000008508,"vasco-rossi"
1297,"rock-music",10000000000000008508,"vasco-rossi"
1726,"hard-rock",10000000000000008508,"vasco-rossi"
7001261050892451965,"heavy-metal",10000000000000008508,"vasco-rossi"
10000000000000017421,"singer-songwriters",10000000000000008508,"vasco-rossi"
8582816108322886634,"pop-music",10000000000000008508,"vasco-rossi"
7424015264236886140,"college",10000000000000008516,"york-university"
5640571414106592657,"higher-education",10000000000000008516,"york-university"
1673,"social-justice",10000000000000008526,"public-citizen"
8582816108322877356,"nonprofit-sector",10000000000000008526,"public-citizen"
8119426466902417284,"politics",10000000000000008526,"public-citizen"
10000000000000019181,"consumer-protection",10000000000000008526,"public-citizen"
5695197768101891825,"mortgages",10000000000000008527,"quicken-loans"
7771967763877694528,"finance",10000000000000008527,"quicken-loans"
6136498691401480079,"advertising",10000000000000008531,"wieden-and-kennedy"
5909188256639465585,"museums",10000000000000008536,"culture24"
10000000000000016637,"non-governmental-organization",10000000000000008550,"who"
10000000000000018769,"search-engines",10000000000000008554,"duckduckgo"
6071021067766052654,"hip-hop",10000000000000008556,"warren-g"
5241585099662481339,"music",10000000000000008556,"warren-g"
8067190039628328240,"economics",10000000000000008557,"freakonomics"
8582816108322829850,"econometrics",10000000000000008557,"freakonomics"
8582816108322807957,"behavioral-economics",10000000000000008557,"freakonomics"
9219221220892055874,"popular-culture",10000000000000008557,"freakonomics"
7427443074777217903,"statistics",10000000000000008557,"freakonomics"
9219221220892053545,"probability",10000000000000008557,"freakonomics"
5867219350815217283,"sociology",10000000000000008557,"freakonomics"
7771967763877694528,"finance",10000000000000008557,"freakonomics"
7424015264236886140,"college",10000000000000008562,"university-of-iowa"
5640571414106592657,"higher-education",10000000000000008562,"university-of-iowa"
5396502476279143614,"fitness",10000000000000008565,"fitness-magazine"
10000000000000017421,"singer-songwriters",10000000000000008566,"ziggy-marley"
9013439431158396259,"reggae",10000000000000008566,"ziggy-marley"
5241585099662481339,"music",10000000000000008566,"ziggy-marley"
7192018630863038134,"journalism",10000000000000008575,"propublica"
6490289872610913965,"telecommunications",10000000000000008580,"credo-mobile"
8119426466902417284,"politics",10000000000000008583,"drudge-report"
10000000000000018433,"magazines",10000000000000008584,"the-new-yorker"
8582816108322877356,"nonprofit-sector",10000000000000008587,"human-rights-watch"
7657696625062919845,"human-rights",10000000000000008587,"human-rights-watch"
8582816108322877356,"nonprofit-sector",10000000000000008601,"rainforest-alliance"
6882722059755117451,"sustainability",10000000000000008601,"rainforest-alliance"
10000000000000017421,"singer-songwriters",10000000000000008603,"faith-hill"
7142388197614860160,"country-music",10000000000000008603,"faith-hill"
5640571414106592657,"higher-education",10000000000000008617,"brown-university"
7424015264236886140,"college",10000000000000008617,"brown-university"
5241585099662481339,"music",10000000000000008623,"blake-shelton"
7142388197614860160,"country-music",10000000000000008623,"blake-shelton"
10000000000000017439,"tv-personalities",10000000000000008623,"blake-shelton"
5241585099662481339,"music",10000000000000008626,"alternative-press"
10000000000000018433,"magazines",10000000000000008626,"alternative-press"
8854216332072042094,"retail",10000000000000008627,"modcloth"
5553113223778426161,"fashion",10000000000000008627,"modcloth"
6136498691401480079,"advertising",10000000000000008632,"leo-burnett"
8635037620743388452,"djs",10000000000000008652,"mc-lyte"
10000000000000017419,"r-and-b",10000000000000008652,"mc-lyte"
5241585099662481339,"music",10000000000000008652,"mc-lyte"
6071021067766052654,"hip-hop",10000000000000008652,"mc-lyte"
5241585099662481339,"music",10000000000000008657,"casting-crowns"
1297,"rock-music",10000000000000008657,"casting-crowns"
8582816108322886634,"pop-music",10000000000000008657,"casting-crowns"
5120799163063696530,"information-technology",10000000000000008675,"interop"
5148295420991216993,"conferences",10000000000000008675,"interop"
10000000000000017517,"trip-hop",10000000000000008680,"flying-lotus"
6071021067766052654,"hip-hop",10000000000000008680,"flying-lotus"
5241585099662481339,"music",10000000000000008680,"flying-lotus"
10000000000000019018,"experimental-music",10000000000000008680,"flying-lotus"
8582816108322818394,"chiptune",10000000000000008680,"flying-lotus"
8532251593695637934,"dubstep",10000000000000008680,"flying-lotus"
8582816108322800773,"ambient-music",10000000000000008680,"flying-lotus"
9219221220892056179,"electronica",10000000000000008680,"flying-lotus"
8300967504229016380,"healthcare",10000000000000008681,"ge-healthcare"
10000000000000017212,"department-stores",10000000000000008692,"marshalls"
8854216332072042094,"retail",10000000000000008692,"marshalls"
8613801576760470017,"shopping",10000000000000008692,"marshalls"
8612123615593663796,"jazz",10000000000000008695,"kem"
8582816108322875197,"neo-soul-music",10000000000000008695,"kem"
5241585099662481339,"music",10000000000000008695,"kem"
10000000000000017419,"r-and-b",10000000000000008695,"kem"
8582816108322901654,"soul-music",10000000000000008695,"kem"
10000000000000017421,"singer-songwriters",10000000000000008695,"kem"
8582816108322877356,"nonprofit-sector",10000000000000008700,"ducks-unlimited"
8041959442305547318,"entrepreneurship",10000000000000008716,"black-enterprise"
9219221220892055528,"auto-industry",10000000000000008724,"ford-motor-company"
6986158486011427614,"cars",10000000000000008724,"ford-motor-company"
6986158486011427614,"cars",10000000000000008727,"aaa"
6379344339574414275,"video-games",10000000000000008735,"gameloft"
10000000000000017194,"video-game-companies",10000000000000008735,"gameloft"
10000000000000018901,"defense-industry",10000000000000008784,"raytheon"
872,"ecology",10000000000000008785,"world-wide-fund-for-nature"
954,"wildlife",10000000000000008785,"world-wide-fund-for-nature"
6801048181576997254,"animals",10000000000000008785,"world-wide-fund-for-nature"
8582816108322877356,"nonprofit-sector",10000000000000008785,"world-wide-fund-for-nature"
5241585099662481339,"music",10000000000000008792,"chamillionaire"
6071021067766052654,"hip-hop",10000000000000008792,"chamillionaire"
8623340011665545666,"television",10000000000000008800,"we-tv"
5411565666250928639,"cooking",10000000000000008807,"epicurious"
7796105462940537786,"recipes",10000000000000008807,"epicurious"
5241585099662481339,"music",10000000000000008811,"ghostface-killah"
6071021067766052654,"hip-hop",10000000000000008811,"ghostface-killah"
10000000000000017421,"singer-songwriters",10000000000000008813,"sky-ferreira"
10000000000000017466,"new-wave",10000000000000008813,"sky-ferreira"
8582816108322886634,"pop-music",10000000000000008813,"sky-ferreira"
8582816108322848868,"indie-pop",10000000000000008813,"sky-ferreira"
5241585099662481339,"music",10000000000000008813,"sky-ferreira"
10000000000000017660,"indie-rock",10000000000000008813,"sky-ferreira"
8582816108322906846,"synthpop",10000000000000008813,"sky-ferreira"
8582816108322836637,"folk-music",10000000000000008813,"sky-ferreira"
9219221220892056179,"electronica",10000000000000008813,"sky-ferreira"
10000000000000017419,"r-and-b",10000000000000008826,"tinashe"
5241585099662481339,"music",10000000000000008826,"tinashe"
8582816108322848868,"indie-pop",10000000000000008826,"tinashe"
10000000000000017421,"singer-songwriters",10000000000000008826,"tinashe"
8582816108322886634,"pop-music",10000000000000008826,"tinashe"
10000000000000000041,"news-and-media",10000000000000008828,"voice-of-america"
8582816108322877356,"nonprofit-sector",10000000000000008831,"asia-society"
10000000000000017357,"actors",10000000000000008833,"margaret-cho"
6812045516282676984,"comedy",10000000000000008833,"margaret-cho"
10000000000000017237,"streaming-video-services",10000000000000008835,"crackle"
8612123615593663796,"jazz",10000000000000008838,"kaki-king"
5241585099662481339,"music",10000000000000008838,"kaki-king"
1297,"rock-music",10000000000000008838,"kaki-king"
10000000000000018436,"newspapers",10000000000000008839,"the-telegraph"
9219221220892060051,"travel",10000000000000008843,"tripadvisor"
6071021067766052654,"hip-hop",10000000000000008845,"9th-wonder"
5241585099662481339,"music",10000000000000008845,"9th-wonder"
7424015264236886140,"college",10000000000000008849,"liberty-university"
5553113223778426161,"fashion",10000000000000008851,"free-people"
8854216332072042094,"retail",10000000000000008851,"free-people"
5241585099662481339,"music",10000000000000008853,"newsboys"
1297,"rock-music",10000000000000008856,"tame-impala"
5241585099662481339,"music",10000000000000008856,"tame-impala"
10000000000000017660,"indie-rock",10000000000000008856,"tame-impala"
5241585099662481339,"music",10000000000000008872,"slacker-radio"
8582816108322877356,"nonprofit-sector",10000000000000008877,"feeding-america"
1297,"rock-music",10000000000000008897,"pete-yorn"
5241585099662481339,"music",10000000000000008897,"pete-yorn"
10000000000000017421,"singer-songwriters",10000000000000008897,"pete-yorn"
10000000000000017660,"indie-rock",10000000000000008897,"pete-yorn"
10000000000000018433,"magazines",10000000000000008898,"seventeen-magazine"
10000000000000016623,"fashion-journalism",10000000000000008898,"seventeen-magazine"
1504,"world-news",10000000000000008902,"sky-news-australia"
10000000000000018435,"tv-news",10000000000000008902,"sky-news-australia"
10000000000000018436,"newspapers",10000000000000008905,"miami-new-times"
1069,"record-label",10000000000000008909,"anti-records"
10000000000000018436,"newspapers",10000000000000008910,"daily-mirror"
8854216332072042094,"retail",10000000000000008912,"lord-and-taylor"
5553113223778426161,"fashion",10000000000000008912,"lord-and-taylor"
10000000000000017212,"department-stores",10000000000000008912,"lord-and-taylor"
8582816108322886634,"pop-music",10000000000000008916,"roy-orbison"
8582816108322892653,"rockabilly",10000000000000008916,"roy-orbison"
7142388197614860160,"country-music",10000000000000008916,"roy-orbison"
5241585099662481339,"music",10000000000000008916,"roy-orbison"
1297,"rock-music",10000000000000008916,"roy-orbison"
10000000000000000041,"news-and-media",10000000000000008918,"democracy-now!"
1000,"talk-show",10000000000000008918,"democracy-now!"
8119426466902417284,"politics",10000000000000008918,"democracy-now!"
10000000000000018436,"newspapers",10000000000000008925,"the-independent"
5241585099662481339,"music",10000000000000008926,"musiqueplus"
8623340011665545666,"television",10000000000000008926,"musiqueplus"
7008943767379250621,"sports",10000000000000008927,"nesn"
6485494992525344250,"marketing",10000000000000008928,"r/ga"
6136498691401480079,"advertising",10000000000000008928,"r/ga"
8582816108322886637,"pop-punk",10000000000000008929,"pierce-the-veil"
5241585099662481339,"music",10000000000000008929,"pierce-the-veil"
10000000000000017660,"indie-rock",10000000000000008929,"pierce-the-veil"
10000000000000019018,"experimental-music",10000000000000008929,"pierce-the-veil"
9219221220892057944,"hardcore-punk",10000000000000008929,"pierce-the-veil"
8582816108322887108,"post-hardcore",10000000000000008929,"pierce-the-veil"
7554,"emo",10000000000000008929,"pierce-the-veil"
10000000000000017591,"progressive-rock",10000000000000008929,"pierce-the-veil"
1297,"rock-music",10000000000000008941,"darius-rucker"
10000000000000017419,"r-and-b",10000000000000008941,"darius-rucker"
10000000000000017421,"singer-songwriters",10000000000000008941,"darius-rucker"
7142388197614860160,"country-music",10000000000000008941,"darius-rucker"
5241585099662481339,"music",10000000000000008941,"darius-rucker"
8582816108322908713,"tennis",10000000000000008948,"wta"
6379344339574414275,"video-games",10000000000000008957,"ea-mobile"
7706064987333435960,"cruises",10000000000000008959,"princess-cruises"
6180371435740832711,"hotels",10000000000000008961,"butlins"
7008943767379250621,"sports",10000000000000008962,"espn3"
7648257024411397825,"film",10000000000000008963,"amazon-instant-video"
6506298410212438936,"soccer",10000000000000008965,"seattle-sounders-fc"
6506298410212438936,"soccer",10000000000000008972,"real-salt-lake"
1297,"rock-music",10000000000000008977,"crooked-i"
5241585099662481339,"music",10000000000000008977,"crooked-i"
8582816108322908713,"tennis",10000000000000008979,"australian-open"
8091629742987332315,"ice-hockey",10000000000000008989,"minnesota-wild"
8854216332072042094,"retail",10000000000000008991,"petco"
5801396596273771101,"pets",10000000000000008991,"petco"
7424015264236886140,"college",10000000000000008993,"chapman-university"
5640571414106592657,"higher-education",10000000000000008993,"chapman-university"
6506298410212438936,"soccer",10000000000000009003,"sporting-kansas-city"
8582816108322877356,"nonprofit-sector",10000000000000009015,"nature-conservancy"
6882722059755117451,"sustainability",10000000000000009015,"nature-conservancy"
7008943767379250621,"sports",10000000000000009023,"cricket-australia"
8582816108322823591,"cricket",10000000000000009023,"cricket-australia"
8582816108322877356,"nonprofit-sector",10000000000000009025,"fairtrade-foundation"
6882722059755117451,"sustainability",10000000000000009025,"fairtrade-foundation"
1069,"record-label",10000000000000009067,"epitaph-records"
7424015264236886140,"college",10000000000000009071,"the-new-school"
5241585099662481339,"music",10000000000000009074,"the-cribs"
8926039343582138639,"indie-music",10000000000000009074,"the-cribs"
8582816108322838975,"garage-rock",10000000000000009074,"the-cribs"
1297,"rock-music",10000000000000009074,"the-cribs"
981,"punk-rock",10000000000000009074,"the-cribs"
10000000000000017660,"indie-rock",10000000000000009074,"the-cribs"
5241585099662481339,"music",10000000000000009077,"bonobo"
1069,"record-label",10000000000000009084,"relapse-records"
8226386291923137474,"software-development",10000000000000009086,"mongodb"
10000000000000019195,"databases",10000000000000009086,"mongodb"
5468142576991735712,"nosql",10000000000000009086,"mongodb"
5553113223778426161,"fashion",10000000000000009092,"christian-siriano"
7142388197614860160,"country-music",10000000000000009097,"zac-brown-band"
10000000000000017681,"folk-rock",10000000000000009097,"zac-brown-band"
9013439431158396259,"reggae",10000000000000009097,"zac-brown-band"
5241585099662481339,"music",10000000000000009097,"zac-brown-band"
8144292930716931296,"cosmetics",10000000000000009112,"benefit-cosmetics"
6882722059755117451,"sustainability",10000000000000009114,"heifer-international"
8582816108322877356,"nonprofit-sector",10000000000000009114,"heifer-international"
5603160567099032164,"nonprofits",10000000000000009114,"heifer-international"
8582816108322848868,"indie-pop",10000000000000009127,"anna-calvi"
5241585099662481339,"music",10000000000000009127,"anna-calvi"
10000000000000017660,"indie-rock",10000000000000009127,"anna-calvi"
6071021067766052654,"hip-hop",10000000000000009129,"casey-veggies"
5241585099662481339,"music",10000000000000009129,"casey-veggies"
8623340011665545666,"television",10000000000000009131,"mtvu"
8854216332072042094,"retail",10000000000000009140,"gap"
5553113223778426161,"fashion",10000000000000009140,"gap"
10000000000000017419,"r-and-b",10000000000000009165,"french-montana"
6071021067766052654,"hip-hop",10000000000000009165,"french-montana"
5241585099662481339,"music",10000000000000009165,"french-montana"
7181067487857452921,"cloud-computing",10000000000000009170,"cloud-foundry"
8582816108322807145,"baseball",10000000000000009176,"washington-nationals"
8582816108322846862,"house-music",10000000000000009190,"kaskade"
10000000000000017515,"trance-music",10000000000000009190,"kaskade"
8582816108322862486,"lounge-music",10000000000000009190,"kaskade"
5241585099662481339,"music",10000000000000009190,"kaskade"
8635037620743388452,"djs",10000000000000009190,"kaskade"
8532251593695637934,"dubstep",10000000000000009190,"kaskade"
9219221220892056179,"electronica",10000000000000009194,"armin-van-buuren"
8582816108322872467,"music-production",10000000000000009194,"armin-van-buuren"
8582816108322846862,"house-music",10000000000000009194,"armin-van-buuren"
8635037620743388452,"djs",10000000000000009194,"armin-van-buuren"
5241585099662481339,"music",10000000000000009194,"armin-van-buuren"
10000000000000017515,"trance-music",10000000000000009194,"armin-van-buuren"
7595951392918583880,"gadgets",10000000000000009205,"control4"
9219221220892055832,"home-improvement",10000000000000009205,"control4"
8755118992863343010,"electronics",10000000000000009205,"control4"
8582816108322836637,"folk-music",10000000000000009214,"dido"
10000000000000017517,"trip-hop",10000000000000009214,"dido"
8582816108322886634,"pop-music",10000000000000009214,"dido"
9219221220892056179,"electronica",10000000000000009214,"dido"
5241585099662481339,"music",10000000000000009214,"dido"
10000000000000017421,"singer-songwriters",10000000000000009214,"dido"
8582816108322886634,"pop-music",10000000000000009218,"hudson-mohawke"
5241585099662481339,"music",10000000000000009218,"hudson-mohawke"
6162991657969654542,"air-travel",10000000000000009219,"turkish-airlines"
8091629742987332315,"ice-hockey",10000000000000009241,"la-kings"
10000000000000017419,"r-and-b",10000000000000009242,"j-cole"
6071021067766052654,"hip-hop",10000000000000009242,"j-cole"
5241585099662481339,"music",10000000000000009242,"j-cole"
5909188256639465585,"museums",10000000000000009251,"british-museum"
7706064987333435960,"cruises",10000000000000009257,"disney-cruise-line"
981,"punk-rock",10000000000000009258,"afi"
8582816108322887108,"post-hardcore",10000000000000009258,"afi"
9219221220892057944,"hardcore-punk",10000000000000009258,"afi"
7554,"emo",10000000000000009258,"afi"
1297,"rock-music",10000000000000009258,"afi"
5241585099662481339,"music",10000000000000009258,"afi"
1297,"rock-music",10000000000000009259,"foo-fighters"
5241585099662481339,"music",10000000000000009259,"foo-fighters"
981,"punk-rock",10000000000000009259,"foo-fighters"
1726,"hard-rock",10000000000000009259,"foo-fighters"
8582816108322887108,"post-hardcore",10000000000000009259,"foo-fighters"
5553113223778426161,"fashion",10000000000000009273,"betsey-johnson"
7439030216367790492,"real-estate",10000000000000009286,"zillow"
6071021067766052654,"hip-hop",10000000000000009287,"childish-gambino"
5241585099662481339,"music",10000000000000009287,"childish-gambino"
10000000000000016617,"celebrities",10000000000000009295,"ll-cool-j"
5241585099662481339,"music",10000000000000009295,"ll-cool-j"
6071021067766052654,"hip-hop",10000000000000009295,"ll-cool-j"
1297,"rock-music",10000000000000009299,"cage-the-elephant"
8582816108322838975,"garage-rock",10000000000000009299,"cage-the-elephant"
1726,"hard-rock",10000000000000009299,"cage-the-elephant"
5241585099662481339,"music",10000000000000009299,"cage-the-elephant"
981,"punk-rock",10000000000000009299,"cage-the-elephant"
10000000000000017660,"indie-rock",10000000000000009299,"cage-the-elephant"
8926039343582138639,"indie-music",10000000000000009300,"miike-snow"
8582816108322848868,"indie-pop",10000000000000009300,"miike-snow"
5241585099662481339,"music",10000000000000009300,"miike-snow"
10000000000000017660,"indie-rock",10000000000000009300,"miike-snow"
8582816108322846862,"house-music",10000000000000009300,"miike-snow"
8582816108322906846,"synthpop",10000000000000009300,"miike-snow"
6776295065555026320,"skiing",10000000000000009304,"whistler-blackcomb"
6180371435740832711,"hotels",10000000000000009304,"whistler-blackcomb"
9013439431158396259,"reggae",10000000000000009314,"steel-pulse"
5241585099662481339,"music",10000000000000009314,"steel-pulse"
10000000000000017439,"tv-personalities",10000000000000009318,"guy-sebastian"
5241585099662481339,"music",10000000000000009318,"guy-sebastian"
8582816108322901654,"soul-music",10000000000000009318,"guy-sebastian"
8582816108322886634,"pop-music",10000000000000009318,"guy-sebastian"
10000000000000017419,"r-and-b",10000000000000009318,"guy-sebastian"
8582816108322818731,"christian-music",10000000000000009318,"guy-sebastian"
10000000000000017421,"singer-songwriters",10000000000000009318,"guy-sebastian"
5241585099662481339,"music",10000000000000009320,"nipsey-hussle"
6071021067766052654,"hip-hop",10000000000000009320,"nipsey-hussle"
6863177821414470941,"authors",10000000000000009321,"sheryl-sandberg"
10000000000000017222,"ceos-and-execs",10000000000000009321,"sheryl-sandberg"
8582816108322867688,"metalcore",10000000000000009335,"iwrestledabearonce"
8582816108322842420,"grindcore",10000000000000009335,"iwrestledabearonce"
7001261050892451965,"heavy-metal",10000000000000009335,"iwrestledabearonce"
5241585099662481339,"music",10000000000000009335,"iwrestledabearonce"
5241585099662481339,"music",10000000000000009337,"delain"
7001261050892451965,"heavy-metal",10000000000000009337,"delain"
7142388197614860160,"country-music",10000000000000009340,"the-band-perry"
5241585099662481339,"music",10000000000000009340,"the-band-perry"
1297,"rock-music",10000000000000009340,"the-band-perry"
8582816108322887996,"bluegrass",10000000000000009340,"the-band-perry"
10000000000000000041,"news-and-media",10000000000000009343,"truthout"
8119426466902417284,"politics",10000000000000009343,"truthout"
8582816108322807145,"baseball",10000000000000009344,"oakland-athletics"
5691285895265584320,"insurance",10000000000000009346,"the-hartford"
6806386908315046643,"financial-services",10000000000000009346,"the-hartford"
5241585099662481339,"music",10000000000000009351,"living-legends"
6071021067766052654,"hip-hop",10000000000000009351,"living-legends"
9001542287187925781,"techno",10000000000000009361,"tiga"
5241585099662481339,"music",10000000000000009361,"tiga"
8582816108322846862,"house-music",10000000000000009361,"tiga"
8635037620743388452,"djs",10000000000000009361,"tiga"
9219221220892056179,"electronica",10000000000000009361,"tiga"
5241585099662481339,"music",10000000000000009374,"the-dandy-warhols"
1297,"rock-music",10000000000000009374,"the-dandy-warhols"
8582816108322838975,"garage-rock",10000000000000009374,"the-dandy-warhols"
10000000000000017660,"indie-rock",10000000000000009374,"the-dandy-warhols"
7379556855959307703,"engineering",10000000000000009378,"bechtel-corporation"
5562373203542545123,"construction",10000000000000009378,"bechtel-corporation"
8582816108322807145,"baseball",10000000000000009388,"columbus-clippers"
8623340011665545666,"television",10000000000000009390,"usa-network"
6986158486011427614,"cars",10000000000000009395,"ford-fiesta"
5807244297982144638,"books",10000000000000009396,"publishers-weekly"
7040735271330376862,"publishing",10000000000000009396,"publishers-weekly"
10000000000000018433,"magazines",10000000000000009396,"publishers-weekly"
8091629742987332315,"ice-hockey",10000000000000009399,"anaheim-ducks"
6071021067766052654,"hip-hop",10000000000000009401,"maino"
5241585099662481339,"music",10000000000000009401,"maino"
8927620729860366815,"bollywood",10000000000000009404,"a-r-rahman"
10000000000000019018,"experimental-music",10000000000000009404,"a-r-rahman"
12024,"soundtrack",10000000000000009404,"a-r-rahman"
10000000000000017420,"world-music",10000000000000009404,"a-r-rahman"
8582816108322819684,"classical-music",10000000000000009404,"a-r-rahman"
5241585099662481339,"music",10000000000000009404,"a-r-rahman"
8582816108322886634,"pop-music",10000000000000009404,"a-r-rahman"
10000000000000017676,"electronic-dance-music",10000000000000009404,"a-r-rahman"
10000000000000018436,"newspapers",10000000000000009405,"india-today"
6071021067766052654,"hip-hop",10000000000000009406,"big-b"
5241585099662481339,"music",10000000000000009406,"big-b"
981,"punk-rock",10000000000000009406,"big-b"
10000000000000017592,"rap-rock",10000000000000009406,"big-b"
8582816108322846862,"house-music",10000000000000009409,"robyn"
9219221220892056179,"electronica",10000000000000009409,"robyn"
10000000000000017421,"singer-songwriters",10000000000000009409,"robyn"
8582816108322886634,"pop-music",10000000000000009409,"robyn"
10000000000000017676,"electronic-dance-music",10000000000000009409,"robyn"
8582816108322906846,"synthpop",10000000000000009409,"robyn"
5241585099662481339,"music",10000000000000009409,"robyn"
8582816108322908713,"tennis",10000000000000009425,"atp-world-tour"
10000000000000017279,"sportswear",10000000000000009429,"saucony"
8786128500251168300,"shoes",10000000000000009429,"saucony"
7001261050892451965,"heavy-metal",10000000000000009435,"black-stone-cherry"
5241585099662481339,"music",10000000000000009435,"black-stone-cherry"
1726,"hard-rock",10000000000000009435,"black-stone-cherry"
1297,"rock-music",10000000000000009435,"black-stone-cherry"
8612123615593663796,"jazz",10000000000000009436,"paloma-faith"
8582816108322886634,"pop-music",10000000000000009436,"paloma-faith"
10000000000000017421,"singer-songwriters",10000000000000009436,"paloma-faith"
5241585099662481339,"music",10000000000000009436,"paloma-faith"
8582816108322901654,"soul-music",10000000000000009436,"paloma-faith"
6445259318892726924,"guitar",10000000000000009454,"gibson-guitar"
1726,"hard-rock",10000000000000009461,"theory-of-a-deadman"
1297,"rock-music",10000000000000009461,"theory-of-a-deadman"
5241585099662481339,"music",10000000000000009461,"theory-of-a-deadman"
8582816108322851955,"japanese-pop",10000000000000009469,"ryuichi-sakamoto"
10000000000000017676,"electronic-dance-music",10000000000000009469,"ryuichi-sakamoto"
10000000000000017420,"world-music",10000000000000009469,"ryuichi-sakamoto"
8582816108322800773,"ambient-music",10000000000000009469,"ryuichi-sakamoto"
10000000000000017000,"new-age-music",10000000000000009469,"ryuichi-sakamoto"
8582816108322805250,"avant-garde-music",10000000000000009469,"ryuichi-sakamoto"
9001542287187925781,"techno",10000000000000009469,"ryuichi-sakamoto"
8582816108322819684,"classical-music",10000000000000009469,"ryuichi-sakamoto"
9219221220892056179,"electronica",10000000000000009469,"ryuichi-sakamoto"
8582816108322846862,"house-music",10000000000000009469,"ryuichi-sakamoto"
5241585099662481339,"music",10000000000000009469,"ryuichi-sakamoto"
12024,"soundtrack",10000000000000009469,"ryuichi-sakamoto"
8582816108322906846,"synthpop",10000000000000009469,"ryuichi-sakamoto"
10000000000000019018,"experimental-music",10000000000000009469,"ryuichi-sakamoto"
10000000000000017466,"new-wave",10000000000000009469,"ryuichi-sakamoto"
8612123615593663796,"jazz",10000000000000009469,"ryuichi-sakamoto"
6379344339574414275,"video-games",10000000000000009474,"game-informer"
6071021067766052654,"hip-hop",10000000000000009505,"frank-ocean"
5241585099662481339,"music",10000000000000009505,"frank-ocean"
8582816108322875197,"neo-soul-music",10000000000000009505,"frank-ocean"
10000000000000017419,"r-and-b",10000000000000009505,"frank-ocean"
10000000000000000041,"news-and-media",10000000000000009508,"business-insider"
6011700363202204797,"business",10000000000000009508,"business-insider"
6162991657969654542,"air-travel",10000000000000009510,"tam-airlines"
1297,"rock-music",10000000000000009512,"within-temptation"
7001261050892451965,"heavy-metal",10000000000000009512,"within-temptation"
5241585099662481339,"music",10000000000000009512,"within-temptation"
8582816108322828058,"doom-metal",10000000000000009512,"within-temptation"
1726,"hard-rock",10000000000000009512,"within-temptation"
8623340011665545666,"television",10000000000000009518,"parks-and-recreation"
10000000000000019470,"satire",10000000000000009518,"parks-and-recreation"
8582816108322872467,"music-production",10000000000000009524,"paul-van-dyk"
8582816108322846862,"house-music",10000000000000009524,"paul-van-dyk"
10000000000000017515,"trance-music",10000000000000009524,"paul-van-dyk"
9001542287187925781,"techno",10000000000000009524,"paul-van-dyk"
10000000000000017676,"electronic-dance-music",10000000000000009524,"paul-van-dyk"
8635037620743388452,"djs",10000000000000009524,"paul-van-dyk"
8582816108322886634,"pop-music",10000000000000009524,"paul-van-dyk"
9219221220892056179,"electronica",10000000000000009524,"paul-van-dyk"
5241585099662481339,"music",10000000000000009524,"paul-van-dyk"
7040735271330376862,"publishing",10000000000000009541,"mit-press"
5553113223778426161,"fashion",10000000000000009551,"nanette-lepore"
981,"punk-rock",10000000000000009553,"volbeat"
5241585099662481339,"music",10000000000000009553,"volbeat"
8582816108322892653,"rockabilly",10000000000000009553,"volbeat"
1726,"hard-rock",10000000000000009553,"volbeat"
7142388197614860160,"country-music",10000000000000009553,"volbeat"
7001261050892451965,"heavy-metal",10000000000000009553,"volbeat"
5241585099662481339,"music",10000000000000009557,"el-p"
6071021067766052654,"hip-hop",10000000000000009557,"el-p"
5241585099662481339,"music",10000000000000009566,"lecrae"
6071021067766052654,"hip-hop",10000000000000009566,"lecrae"
8582816108322823921,"crunk",10000000000000009566,"lecrae"
8635037620743388452,"djs",10000000000000009568,"r3hab"
8582816108322846862,"house-music",10000000000000009568,"r3hab"
5241585099662481339,"music",10000000000000009568,"r3hab"
10000000000000017421,"singer-songwriters",10000000000000009569,"tobymac"
1726,"hard-rock",10000000000000009569,"tobymac"
5241585099662481339,"music",10000000000000009569,"tobymac"
8582816108322818731,"christian-music",10000000000000009569,"tobymac"
9219221220892058107,"funk-music",10000000000000009569,"tobymac"
7413737727192022215,"energy",10000000000000009572,"chevron"
4893361596483902201,"oil-industry",10000000000000009572,"chevron"
8592455927492602734,"health",10000000000000009584,"mens-health"
5812164566385155934,"foreign-policy",10000000000000009590,"foreign-affairs"
1726,"hard-rock",10000000000000009598,"megadeth"
1297,"rock-music",10000000000000009598,"megadeth"
7001261050892451965,"heavy-metal",10000000000000009598,"megadeth"
5241585099662481339,"music",10000000000000009598,"megadeth"
10000000000000017421,"singer-songwriters",10000000000000009599,"aimee-mann"
5241585099662481339,"music",10000000000000009599,"aimee-mann"
8582816108322836637,"folk-music",10000000000000009599,"aimee-mann"
1297,"rock-music",10000000000000009599,"aimee-mann"
10000000000000017212,"department-stores",10000000000000009602,"barneys-new-york"
8854216332072042094,"retail",10000000000000009602,"barneys-new-york"
8582816108322848868,"indie-pop",10000000000000009610,"santigold"
8582816108322886634,"pop-music",10000000000000009610,"santigold"
10000000000000017660,"indie-rock",10000000000000009610,"santigold"
5241585099662481339,"music",10000000000000009610,"santigold"
981,"punk-rock",10000000000000009610,"santigold"
1297,"rock-music",10000000000000009610,"santigold"
10000000000000017466,"new-wave",10000000000000009610,"santigold"
8582816108322906846,"synthpop",10000000000000009610,"santigold"
9219221220892056179,"electronica",10000000000000009610,"santigold"
6071021067766052654,"hip-hop",10000000000000009611,"fabolous"
8635037620743388452,"djs",10000000000000009611,"fabolous"
5241585099662481339,"music",10000000000000009611,"fabolous"
8582816108322906846,"synthpop",10000000000000009624,"tegan-and-sara"
10000000000000017466,"new-wave",10000000000000009624,"tegan-and-sara"
1297,"rock-music",10000000000000009624,"tegan-and-sara"
8926039343582138639,"indie-music",10000000000000009624,"tegan-and-sara"
5241585099662481339,"music",10000000000000009624,"tegan-and-sara"
8582816108322848868,"indie-pop",10000000000000009624,"tegan-and-sara"
10000000000000017660,"indie-rock",10000000000000009624,"tegan-and-sara"
10000000000000017222,"ceos-and-execs",10000000000000009629,"warren-buffett"
7771967763877694528,"finance",10000000000000009629,"warren-buffett"
5241585099662481339,"music",10000000000000009637,"children-of-bodom"
9219221220892054748,"death-metal",10000000000000009637,"children-of-bodom"
7001261050892451965,"heavy-metal",10000000000000009637,"children-of-bodom"
9219221220892055243,"spoken-word",10000000000000009638,"saul-williams"
10000000000000017598,"industrial-music",10000000000000009638,"saul-williams"
6863177821414470941,"authors",10000000000000009638,"saul-williams"
7001261050892451965,"heavy-metal",10000000000000009647,"def-leppard"
5241585099662481339,"music",10000000000000009647,"def-leppard"
1726,"hard-rock",10000000000000009647,"def-leppard"
1297,"rock-music",10000000000000009647,"def-leppard"
6071021067766052654,"hip-hop",10000000000000009649,"big-daddy-kane"
5241585099662481339,"music",10000000000000009649,"big-daddy-kane"
8091629742987332315,"ice-hockey",10000000000000009657,"dustin-brown"
7001261050892451965,"heavy-metal",10000000000000009658,"exodus"
5241585099662481339,"music",10000000000000009658,"exodus"
6506298410212438936,"soccer",10000000000000009660,"chicago-fire"
8582816108322838975,"garage-rock",10000000000000009663,"yeah-yeah-yeahs"
5241585099662481339,"music",10000000000000009663,"yeah-yeah-yeahs"
1297,"rock-music",10000000000000009663,"yeah-yeah-yeahs"
8926039343582138639,"indie-music",10000000000000009663,"yeah-yeah-yeahs"
10000000000000017660,"indie-rock",10000000000000009663,"yeah-yeah-yeahs"
7796105462940537786,"recipes",10000000000000009666,"sunset-magazine"
10000000000000018433,"magazines",10000000000000009666,"sunset-magazine"
8065424964741862621,"garden",10000000000000009666,"sunset-magazine"
10000000000000000017,"lgbt-issues",10000000000000009667,"the-advocate"
6162991657969654542,"air-travel",10000000000000009672,"vivaaerobus"
1297,"rock-music",10000000000000009681,"fishbone"
9219221220892058107,"funk-music",10000000000000009681,"fishbone"
1726,"hard-rock",10000000000000009681,"fishbone"
8582816108322901654,"soul-music",10000000000000009681,"fishbone"
5241585099662481339,"music",10000000000000009681,"fishbone"
7001261050892451965,"heavy-metal",10000000000000009681,"fishbone"
981,"punk-rock",10000000000000009681,"fishbone"
9013439431158396259,"reggae",10000000000000009681,"fishbone"
10000000000000017660,"indie-rock",10000000000000009681,"fishbone"
10000000000000017600,"ska-music",10000000000000009681,"fishbone"
6071021067766052654,"hip-hop",10000000000000009682,"daz-dillinger"
5241585099662481339,"music",10000000000000009682,"daz-dillinger"
10000000000000017660,"indie-rock",10000000000000009688,"moguai"
8582816108322800773,"ambient-music",10000000000000009688,"moguai"
1297,"rock-music",10000000000000009688,"moguai"
5241585099662481339,"music",10000000000000009688,"moguai"
8582816108322805250,"avant-garde-music",10000000000000009688,"moguai"
7584807772018742120,"olympics",10000000000000009689,"us-olympic-team"
8623340011665545666,"television",10000000000000009690,"trutv"
10000000000000017660,"indie-rock",10000000000000009691,"the-fray"
1297,"rock-music",10000000000000009691,"the-fray"
8582816108322848868,"indie-pop",10000000000000009691,"the-fray"
8582816108322886634,"pop-music",10000000000000009691,"the-fray"
5241585099662481339,"music",10000000000000009691,"the-fray"
6243556215032913040,"activism",10000000000000009693,"madd"
1069,"record-label",10000000000000009698,"warp-records"
6812045516282676984,"comedy",10000000000000009702,"louis-ck"
10000000000000017357,"actors",10000000000000009702,"louis-ck"
10000000000000000041,"news-and-media",10000000000000009704,"kiplinger"
6011700363202204797,"business",10000000000000009704,"kiplinger"
7771967763877694528,"finance",10000000000000009704,"kiplinger"
8582816108322877356,"nonprofit-sector",10000000000000009705,"free-the-children"
9031813645943144379,"philanthropy",10000000000000009705,"free-the-children"
10000000000000019146,"international-development",10000000000000009705,"free-the-children"
10000000000000018436,"newspapers",10000000000000009707,"village-voice"
10000000000000017598,"industrial-music",10000000000000009711,"glenn-danzig"
981,"punk-rock",10000000000000009711,"glenn-danzig"
10000000000000017421,"singer-songwriters",10000000000000009711,"glenn-danzig"
1726,"hard-rock",10000000000000009711,"glenn-danzig"
8582816108322828058,"doom-metal",10000000000000009711,"glenn-danzig"
5241585099662481339,"music",10000000000000009711,"glenn-danzig"
7001261050892451965,"heavy-metal",10000000000000009711,"glenn-danzig"
9219221220892057944,"hardcore-punk",10000000000000009711,"glenn-danzig"
8612123615593663796,"jazz",10000000000000009713,"black-violin"
9219221220892058107,"funk-music",10000000000000009713,"black-violin"
6071021067766052654,"hip-hop",10000000000000009713,"black-violin"
8582816108322819684,"classical-music",10000000000000009713,"black-violin"
5241585099662481339,"music",10000000000000009713,"black-violin"
10000000000000017517,"trip-hop",10000000000000009716,"massive-attack"
9219221220892056179,"electronica",10000000000000009716,"massive-attack"
10000000000000017466,"new-wave",10000000000000009716,"massive-attack"
5241585099662481339,"music",10000000000000009716,"massive-attack"
8582816108322901654,"soul-music",10000000000000009716,"massive-attack"
8582816108322875197,"neo-soul-music",10000000000000009716,"massive-attack"
10000000000000017676,"electronic-dance-music",10000000000000009716,"massive-attack"
12024,"soundtrack",10000000000000009716,"massive-attack"
8582816108322828261,"downtempo",10000000000000009716,"massive-attack"
8582816108322800773,"ambient-music",10000000000000009716,"massive-attack"
1069,"record-label",10000000000000009721,"roc-a-fella-records"
8582816108322892653,"rockabilly",10000000000000009733,"dwight-yoakam"
5241585099662481339,"music",10000000000000009733,"dwight-yoakam"
7142388197614860160,"country-music",10000000000000009733,"dwight-yoakam"
10000000000000017421,"singer-songwriters",10000000000000009733,"dwight-yoakam"
9219221220892056179,"electronica",10000000000000009738,"deadmau5"
8582816108322800773,"ambient-music",10000000000000009738,"deadmau5"
8582816108322872467,"music-production",10000000000000009738,"deadmau5"
8582816108322846862,"house-music",10000000000000009738,"deadmau5"
8582816108322828261,"downtempo",10000000000000009738,"deadmau5"
8635037620743388452,"djs",10000000000000009738,"deadmau5"
10000000000000017466,"new-wave",10000000000000009738,"deadmau5"
8532251593695637934,"dubstep",10000000000000009738,"deadmau5"
10000000000000017517,"trip-hop",10000000000000009738,"deadmau5"
8582816108322818394,"chiptune",10000000000000009738,"deadmau5"
9001542287187925781,"techno",10000000000000009738,"deadmau5"
5241585099662481339,"music",10000000000000009738,"deadmau5"
10000000000000017515,"trance-music",10000000000000009738,"deadmau5"
8532251593695637934,"dubstep",10000000000000009743,"dj-fresh"
5241585099662481339,"music",10000000000000009743,"dj-fresh"
9219221220892057566,"drum-and-bass",10000000000000009743,"dj-fresh"
8635037620743388452,"djs",10000000000000009743,"dj-fresh"
7439030216367790492,"real-estate",10000000000000009745,"century-21"
10000000000000016623,"fashion-journalism",10000000000000009752,"flaunt-magazine"
9219221220892054748,"death-metal",10000000000000009758,"chimaira"
5241585099662481339,"music",10000000000000009758,"chimaira"
7001261050892451965,"heavy-metal",10000000000000009758,"chimaira"
8582816108322867688,"metalcore",10000000000000009758,"chimaira"
10000000000000000041,"news-and-media",10000000000000009763,"good-morning-america"
8623340011665545666,"television",10000000000000009763,"good-morning-america"
1000,"talk-show",10000000000000009763,"good-morning-america"
1069,"record-label",10000000000000009767,"blue-note-records"
8612123615593663796,"jazz",10000000000000009767,"blue-note-records"
7302239651993946191,"fishing",10000000000000009769,"bass-pro-shops"
8854216332072042094,"retail",10000000000000009769,"bass-pro-shops"
6071021067766052654,"hip-hop",10000000000000009774,"schoolboy-q"
5241585099662481339,"music",10000000000000009774,"schoolboy-q"
10000000000000016467,"car-racing",10000000000000009788,"hendrick-motorsports"
10000000000000017194,"video-game-companies",10000000000000009789,"insomniac-games"
6379344339574414275,"video-games",10000000000000009789,"insomniac-games"
10000000000000017222,"ceos-and-execs",10000000000000009794,"steve-wozniak"
1297,"rock-music",10000000000000009799,"natalia-lafourcade"
10000000000000019019,"latin-music",10000000000000009799,"natalia-lafourcade"
5241585099662481339,"music",10000000000000009799,"natalia-lafourcade"
8582816108322886634,"pop-music",10000000000000009799,"natalia-lafourcade"
6071021067766052654,"hip-hop",10000000000000009808,"mac-miller"
5241585099662481339,"music",10000000000000009808,"mac-miller"
8582816108322886634,"pop-music",10000000000000009808,"mac-miller"
10000000000000018433,"magazines",10000000000000009815,"popular-mechanics"
7379556855959307703,"engineering",10000000000000009815,"popular-mechanics"
8582816108322807145,"baseball",10000000000000009817,"connie-mack"
6379344339574414275,"video-games",10000000000000009821,"need-for-speed"
9118006162132681215,"project-management",10000000000000009824,"mavenlink"
10000000000000017419,"r-and-b",10000000000000009827,"george-clinton"
1297,"rock-music",10000000000000009827,"george-clinton"
9219221220892058107,"funk-music",10000000000000009827,"george-clinton"
5241585099662481339,"music",10000000000000009827,"george-clinton"
8582816108322901654,"soul-music",10000000000000009827,"george-clinton"
5241585099662481339,"music",10000000000000009828,"trash-talk"
9219221220892057944,"hardcore-punk",10000000000000009828,"trash-talk"
981,"punk-rock",10000000000000009828,"trash-talk"
7001261050892451965,"heavy-metal",10000000000000009828,"trash-talk"
7040735271330376862,"publishing",10000000000000009836,"penguin-books"
10000000000000017517,"trip-hop",10000000000000009838,"sia-furler"
8582816108322886634,"pop-music",10000000000000009838,"sia-furler"
10000000000000017421,"singer-songwriters",10000000000000009838,"sia-furler"
8582816108322830695,"electropop",10000000000000009838,"sia-furler"
8582816108322828261,"downtempo",10000000000000009838,"sia-furler"
8582816108322901654,"soul-music",10000000000000009838,"sia-furler"
10000000000000017676,"electronic-dance-music",10000000000000009838,"sia-furler"
9219221220892058107,"funk-music",10000000000000009838,"sia-furler"
10000000000000017660,"indie-rock",10000000000000009838,"sia-furler"
5241585099662481339,"music",10000000000000009838,"sia-furler"
8582816108322848868,"indie-pop",10000000000000009838,"sia-furler"
10000000000000016477,"chill-out-music",10000000000000009838,"sia-furler"
6812045516282676984,"comedy",10000000000000009841,"mindy-kaling"
10000000000000016617,"celebrities",10000000000000009841,"mindy-kaling"
10000000000000017357,"actors",10000000000000009841,"mindy-kaling"
5241585099662481339,"music",10000000000000009843,"kendrick-lamar"
6071021067766052654,"hip-hop",10000000000000009843,"kendrick-lamar"
10000000000000017419,"r-and-b",10000000000000009846,"paulina-rubio"
10000000000000017516,"latin-pop",10000000000000009846,"paulina-rubio"
8582816108322906846,"synthpop",10000000000000009846,"paulina-rubio"
5241585099662481339,"music",10000000000000009846,"paulina-rubio"
8582816108322886634,"pop-music",10000000000000009846,"paulina-rubio"
1297,"rock-music",10000000000000009846,"paulina-rubio"
10000000000000017421,"singer-songwriters",10000000000000009846,"paulina-rubio"
8582816108322830695,"electropop",10000000000000009846,"paulina-rubio"
10000000000000017439,"tv-personalities",10000000000000009846,"paulina-rubio"
4980350144317662911,"reality-television",10000000000000009847,"kris-jenner"
6071021067766052654,"hip-hop",10000000000000009848,"jermaine-dupri"
10000000000000017419,"r-and-b",10000000000000009848,"jermaine-dupri"
8582816108322886634,"pop-music",10000000000000009848,"jermaine-dupri"
8582816108322901654,"soul-music",10000000000000009848,"jermaine-dupri"
5241585099662481339,"music",10000000000000009848,"jermaine-dupri"
6812045516282676984,"comedy",10000000000000009851,"kevin-nealon"
10000000000000017357,"actors",10000000000000009851,"kevin-nealon"
8582816108322906846,"synthpop",10000000000000009855,"crystal-castles"
7001261050892451965,"heavy-metal",10000000000000009855,"crystal-castles"
5241585099662481339,"music",10000000000000009855,"crystal-castles"
981,"punk-rock",10000000000000009855,"crystal-castles"
9219221220892056179,"electronica",10000000000000009855,"crystal-castles"
8582816108322877310,"noise-rock",10000000000000009855,"crystal-castles"
8582816108322818394,"chiptune",10000000000000009855,"crystal-castles"
10000000000000019018,"experimental-music",10000000000000009855,"crystal-castles"
8582816108322805250,"avant-garde-music",10000000000000009858,"faith-no-more"
10000000000000017593,"rap-metal",10000000000000009858,"faith-no-more"
7001261050892451965,"heavy-metal",10000000000000009858,"faith-no-more"
1297,"rock-music",10000000000000009858,"faith-no-more"
1726,"hard-rock",10000000000000009858,"faith-no-more"
5241585099662481339,"music",10000000000000009858,"faith-no-more"
1069,"record-label",10000000000000009859,"rough-trade-records"
7001261050892451965,"heavy-metal",10000000000000009860,"bring-me-the-horizon"
8582816108322867688,"metalcore",10000000000000009860,"bring-me-the-horizon"
8582816108322800773,"ambient-music",10000000000000009860,"bring-me-the-horizon"
5241585099662481339,"music",10000000000000009860,"bring-me-the-horizon"
8582816108322887108,"post-hardcore",10000000000000009860,"bring-me-the-horizon"
9219221220892054748,"death-metal",10000000000000009860,"bring-me-the-horizon"
9219221220892056179,"electronica",10000000000000009860,"bring-me-the-horizon"
10000000000000018433,"magazines",10000000000000009869,"vice"
5757029936226020304,"entertainment",10000000000000009869,"vice"
4905695119825569183,"graphic-design",10000000000000009871,"adobe-illustrator"
5144818194631006088,"software",10000000000000009871,"adobe-illustrator"
6071021067766052654,"hip-hop",10000000000000009872,"silkk-the-shocker"
5241585099662481339,"music",10000000000000009872,"silkk-the-shocker"
10000000000000017421,"singer-songwriters",10000000000000009874,"m-i-a"
8582816108322824973,"dancehall",10000000000000009874,"m-i-a"
10000000000000017601,"worldbeat",10000000000000009874,"m-i-a"
8582816108322808920,"bhangra",10000000000000009874,"m-i-a"
6071021067766052654,"hip-hop",10000000000000009874,"m-i-a"
10000000000000017676,"electronic-dance-music",10000000000000009874,"m-i-a"
8582816108322805250,"avant-garde-music",10000000000000009874,"m-i-a"
8582816108322836637,"folk-music",10000000000000009874,"m-i-a"
5241585099662481339,"music",10000000000000009874,"m-i-a"
10000000000000017420,"world-music",10000000000000009874,"m-i-a"
8926039343582138639,"indie-music",10000000000000009874,"m-i-a"
9219221220892056179,"electronica",10000000000000009874,"m-i-a"
6162991657969654542,"air-travel",10000000000000009879,"gulf-air"
7536599673451509297,"drinks",10000000000000009889,"muscle-milk"
8582816108322807207,"basketball",10000000000000009890,"harlem-globetrotters"
10000000000000017357,"actors",10000000000000009892,"zachary-levi"
10000000000000016617,"celebrities",10000000000000009892,"zachary-levi"
1297,"rock-music",10000000000000009893,"the-edge"
5241585099662481339,"music",10000000000000009893,"the-edge"
8104858383221577024,"government",10000000000000009898,"council-of-europe"
5087343758612005288,"amusement-parks",10000000000000009899,"animal-kingdom"
6071021067766052654,"hip-hop",10000000000000009907,"juicy-j"
8582816108322823921,"crunk",10000000000000009907,"juicy-j"
5241585099662481339,"music",10000000000000009907,"juicy-j"
8582816108322807207,"basketball",10000000000000009911,"manu-ginobili"
5241585099662481339,"music",10000000000000009916,"yanni"
10000000000000017000,"new-age-music",10000000000000009916,"yanni"
10000000000000017420,"world-music",10000000000000009916,"yanni"
1069,"record-label",10000000000000009919,"atlantic-records"
6932505724866831970,"running",10000000000000009922,"allyson-felix"
6379344339574414275,"video-games",10000000000000009936,"xbox"
9205550834482373355,"venture-capital",10000000000000009939,"sequoia-capital"
10000000000000019018,"experimental-music",10000000000000009944,"the-cool-kids"
6071021067766052654,"hip-hop",10000000000000009944,"the-cool-kids"
5241585099662481339,"music",10000000000000009944,"the-cool-kids"
8582816108322807207,"basketball",10000000000000009945,"javale-mcgee"
9219221220892058107,"funk-music",10000000000000009949,"krizz-kaliko"
5241585099662481339,"music",10000000000000009949,"krizz-kaliko"
1297,"rock-music",10000000000000009949,"krizz-kaliko"
10000000000000017419,"r-and-b",10000000000000009949,"krizz-kaliko"
6071021067766052654,"hip-hop",10000000000000009949,"krizz-kaliko"
8582816108322830695,"electropop",10000000000000009951,"yelle"
8582816108322906846,"synthpop",10000000000000009951,"yelle"
8582816108322886634,"pop-music",10000000000000009951,"yelle"
5241585099662481339,"music",10000000000000009951,"yelle"
5689551747477708002,"mental-health",10000000000000009956,"samhsa"
1212,"us-federal-government",10000000000000009956,"samhsa"
10000000000000018433,"magazines",10000000000000009960,"fortune-magazine"
7771967763877694528,"finance",10000000000000009960,"fortune-magazine"
10000000000000018435,"tv-news",10000000000000009961,"euronews"
10000000000000000041,"news-and-media",10000000000000009961,"euronews"
8623340011665545666,"television",10000000000000009962,"tcm"
6162991657969654542,"air-travel",10000000000000009964,"copa-airlines"
7032407637051321202,"college-football",10000000000000009966,"cincinnati-bearcats"
1069,"record-label",10000000000000009969,"vagrant-records"
6590632066604697037,"wrestling",10000000000000009973,"usa-wrestling"
5241585099662481339,"music",10000000000000009977,"dj-godfather"
9219221220892053918,"performing-arts",10000000000000009981,"barbican-centre"
10000000000000017222,"ceos-and-execs",10000000000000009983,"t-boone-pickens"
7142388197614860160,"country-music",10000000000000009988,"the-oak-ridge-boys"
8582816108322818731,"christian-music",10000000000000009988,"the-oak-ridge-boys"
5241585099662481339,"music",10000000000000009988,"the-oak-ridge-boys"
8582816108322886634,"pop-music",10000000000000009988,"the-oak-ridge-boys"
10000000000000017421,"singer-songwriters",10000000000000010006,"yo-gotti"
6071021067766052654,"hip-hop",10000000000000010006,"yo-gotti"
5241585099662481339,"music",10000000000000010006,"yo-gotti"
10000000000000016431,"disco",10000000000000010008,"of-montreal"
10000000000000017591,"progressive-rock",10000000000000010008,"of-montreal"
10000000000000017660,"indie-rock",10000000000000010008,"of-montreal"
8926039343582138639,"indie-music",10000000000000010008,"of-montreal"
5241585099662481339,"music",10000000000000010008,"of-montreal"
8582816108322901654,"soul-music",10000000000000010008,"of-montreal"
9219221220892058107,"funk-music",10000000000000010008,"of-montreal"
8582816108322848868,"indie-pop",10000000000000010008,"of-montreal"
10000000000000019018,"experimental-music",10000000000000010008,"of-montreal"
8582816108322906846,"synthpop",10000000000000010008,"of-montreal"
10000000000000017681,"folk-rock",10000000000000010008,"of-montreal"
10000000000000017419,"r-and-b",10000000000000010008,"of-montreal"
8582816108322901654,"soul-music",10000000000000010017,"aloe-blacc"
6071021067766052654,"hip-hop",10000000000000010017,"aloe-blacc"
8612123615593663796,"jazz",10000000000000010017,"aloe-blacc"
9219221220892058107,"funk-music",10000000000000010017,"aloe-blacc"
10000000000000017419,"r-and-b",10000000000000010017,"aloe-blacc"
5241585099662481339,"music",10000000000000010017,"aloe-blacc"
10000000000000017343,"music-festivals",10000000000000010022,"v-festival"
8582816108322887108,"post-hardcore",10000000000000010027,"baroness"
7001261050892451965,"heavy-metal",10000000000000010027,"baroness"
5241585099662481339,"music",10000000000000010027,"baroness"
8926039343582138639,"indie-music",10000000000000010027,"baroness"
8582816108322900567,"sludge-metal",10000000000000010027,"baroness"
1297,"rock-music",10000000000000010032,"shinedown"
5241585099662481339,"music",10000000000000010032,"shinedown"
7001261050892451965,"heavy-metal",10000000000000010032,"shinedown"
1726,"hard-rock",10000000000000010032,"shinedown"
8582816108322902544,"space-tourism",10000000000000010040,"virgin-galactic"
10000000000000000019,"aerospace",10000000000000010040,"virgin-galactic"
8612123615593663796,"jazz",10000000000000010042,"diana-krall"
5241585099662481339,"music",10000000000000010042,"diana-krall"
10000000000000019649,"bossa-nova",10000000000000010042,"diana-krall"
8635037620743388452,"djs",10000000000000010045,"biz-markie"
5241585099662481339,"music",10000000000000010045,"biz-markie"
6071021067766052654,"hip-hop",10000000000000010045,"biz-markie"
10000000000000017421,"singer-songwriters",10000000000000010045,"biz-markie"
10000000000000017660,"indie-rock",10000000000000010045,"biz-markie"
8582816108322887108,"post-hardcore",10000000000000010047,"taking-back-sunday"
5241585099662481339,"music",10000000000000010047,"taking-back-sunday"
10000000000000017660,"indie-rock",10000000000000010047,"taking-back-sunday"
7554,"emo",10000000000000010047,"taking-back-sunday"
981,"punk-rock",10000000000000010047,"taking-back-sunday"
8582816108322886637,"pop-punk",10000000000000010047,"taking-back-sunday"
1297,"rock-music",10000000000000010047,"taking-back-sunday"
5241585099662481339,"music",10000000000000010053,"hombres-g"
8582816108322886634,"pop-music",10000000000000010053,"hombres-g"
10000000000000017516,"latin-pop",10000000000000010053,"hombres-g"
1297,"rock-music",10000000000000010053,"hombres-g"
5241585099662481339,"music",10000000000000010062,"pat-metheny"
10000000000000017000,"new-age-music",10000000000000010062,"pat-metheny"
8612123615593663796,"jazz",10000000000000010062,"pat-metheny"
8582816108322886634,"pop-music",10000000000000010062,"pat-metheny"
10000000000000017591,"progressive-rock",10000000000000010062,"pat-metheny"
10000000000000017420,"world-music",10000000000000010062,"pat-metheny"
8119426466902417284,"politics",10000000000000010067,"moveon-dot-org"
1726,"hard-rock",10000000000000010068,"creed"
1297,"rock-music",10000000000000010068,"creed"
7001261050892451965,"heavy-metal",10000000000000010068,"creed"
5241585099662481339,"music",10000000000000010068,"creed"
10000000000000017419,"r-and-b",10000000000000010073,"kirko-bangz"
5241585099662481339,"music",10000000000000010073,"kirko-bangz"
6071021067766052654,"hip-hop",10000000000000010073,"kirko-bangz"
10000000000000018433,"magazines",10000000000000010082,"the-lancet"
1369,"medicine",10000000000000010082,"the-lancet"
4906994844051273257,"copywriting",10000000000000010083,"ap-stylebook"
7192018630863038134,"journalism",10000000000000010083,"ap-stylebook"
10000000000000017357,"actors",10000000000000010088,"saoirse-ronan"
8635037620743388452,"djs",10000000000000010097,"dj-khaled"
6071021067766052654,"hip-hop",10000000000000010097,"dj-khaled"
5241585099662481339,"music",10000000000000010097,"dj-khaled"
10000000000000017676,"electronic-dance-music",10000000000000010101,"the-crystal-method"
10000000000000017517,"trip-hop",10000000000000010101,"the-crystal-method"
9001542287187925781,"techno",10000000000000010101,"the-crystal-method"
9219221220892056179,"electronica",10000000000000010101,"the-crystal-method"
5241585099662481339,"music",10000000000000010101,"the-crystal-method"
5241585099662481339,"music",10000000000000010109,"ringo-starr"
1297,"rock-music",10000000000000010109,"ringo-starr"
10000000000000017420,"world-music",10000000000000010109,"ringo-starr"
7142388197614860160,"country-music",10000000000000010109,"ringo-starr"
10000000000000016617,"celebrities",10000000000000010109,"ringo-starr"
10000000000000017421,"singer-songwriters",10000000000000010109,"ringo-starr"
8582816108322886634,"pop-music",10000000000000010109,"ringo-starr"
8635037620743388452,"djs",10000000000000010113,"paul-oakenfold"
10000000000000017515,"trance-music",10000000000000010113,"paul-oakenfold"
9001542287187925781,"techno",10000000000000010113,"paul-oakenfold"
9219221220892056179,"electronica",10000000000000010113,"paul-oakenfold"
8582816108322846862,"house-music",10000000000000010113,"paul-oakenfold"
10000000000000017676,"electronic-dance-music",10000000000000010113,"paul-oakenfold"
5241585099662481339,"music",10000000000000010113,"paul-oakenfold"
8582816108322872467,"music-production",10000000000000010113,"paul-oakenfold"
8582816108322836738,"football",10000000000000010119,"michigan-football"
7032407637051321202,"college-football",10000000000000010119,"michigan-football"
8612123615593663796,"jazz",10000000000000010120,"michael-buble"
5241585099662481339,"music",10000000000000010120,"michael-buble"
8582816108322862486,"lounge-music",10000000000000010120,"michael-buble"
8582816108322829711,"easy-listening",10000000000000010120,"michael-buble"
8582816108322886634,"pop-music",10000000000000010120,"michael-buble"
5124804058834987200,"blues",10000000000000010120,"michael-buble"
8582816108322906665,"swing-music",10000000000000010120,"michael-buble"
8582816108322920022,"vocal-music",10000000000000010120,"michael-buble"
10000000000000017599,"surf-rock",10000000000000010124,"colbie-caillat"
7142388197614860160,"country-music",10000000000000010124,"colbie-caillat"
8582816108322836637,"folk-music",10000000000000010124,"colbie-caillat"
5241585099662481339,"music",10000000000000010124,"colbie-caillat"
8582816108322901654,"soul-music",10000000000000010124,"colbie-caillat"
8582816108322886634,"pop-music",10000000000000010124,"colbie-caillat"
10000000000000017681,"folk-rock",10000000000000010124,"colbie-caillat"
10000000000000017421,"singer-songwriters",10000000000000010124,"colbie-caillat"
10000000000000017681,"folk-rock",10000000000000010132,"barenaked-ladies"
1297,"rock-music",10000000000000010132,"barenaked-ladies"
5241585099662481339,"music",10000000000000010132,"barenaked-ladies"
8582816108322807207,"basketball",10000000000000010137,"kyle-lowry"
8091629742987332315,"ice-hockey",10000000000000010142,"tampa-bay-lightning"
10000000000000000009,"music-videos",10000000000000010145,"vevo"
4980350144317662911,"reality-television",10000000000000010146,"americas-got-talent"
8623340011665545666,"television",10000000000000010146,"americas-got-talent"
8623340011665545666,"television",10000000000000010147,"friday-night-lights"
10000000000000016467,"car-racing",10000000000000010156,"texas-motor-speedway"
7142388197614860160,"country-music",10000000000000010157,"billy-ray-cyrus"
10000000000000017421,"singer-songwriters",10000000000000010157,"billy-ray-cyrus"
5241585099662481339,"music",10000000000000010157,"billy-ray-cyrus"
1726,"hard-rock",10000000000000010158,"joe-bonamassa"
10000000000000017421,"singer-songwriters",10000000000000010158,"joe-bonamassa"
10000000000000017419,"r-and-b",10000000000000010158,"joe-bonamassa"
5124804058834987200,"blues",10000000000000010158,"joe-bonamassa"
1297,"rock-music",10000000000000010158,"joe-bonamassa"
5241585099662481339,"music",10000000000000010158,"joe-bonamassa"
8119426466902417284,"politics",10000000000000010170,"herman-cain"
1726,"hard-rock",10000000000000010185,"stryper"
1297,"rock-music",10000000000000010185,"stryper"
5241585099662481339,"music",10000000000000010185,"stryper"
7001261050892451965,"heavy-metal",10000000000000010185,"stryper"
10000000000000017517,"trip-hop",10000000000000010196,"cut-chemist"
8635037620743388452,"djs",10000000000000010196,"cut-chemist"
5241585099662481339,"music",10000000000000010196,"cut-chemist"
8582816108322877356,"nonprofit-sector",10000000000000010198,"oceana"
